nome,email,tipo
Ana Silva,ana.silva@email.com,Vip
Bruno Costa,bruno.costa@email.com,Regular
Carla Dias,carla.dias@email.com,Estudante
Daniel Farias,daniel.farias@email.com,Vip
Fernanda Lima,fernanda.lima@email.com,Regular
Gustavo Mendes,gustavo.mendes@email.com,Regular
Helena Santos,helena.santos@email.com,Estudante